Nom,Prenom
Dupont,Jean
Martin,Marie
Lefevre,Paul
Leclerc,Sophie
Dubois,Thomas
Roux,Isabelle
Fournier,Louis
Leroux,Charlotte
Morel,Nicolas
Caron,Emilie
Lemoine,Pierre
Girard,Catherine
Meyer,Jacques
Bernard,Sylvie
Andre,Julie
Blanc,Marc
Guerin,Christine
Robert,Alice
Rousseau,Philippe
Lemoine,Sophie
Fournier,Paul
Girard,Elodie
Michel,Guillaume
Leroux,Chantal
Marie,Antoine
Martin,Sophie
Dubois,Laurent
Moreau,Caroline
Petit,Pierre
Andre,Sophie
Lefevre,Jacques
Meyer,Celine
Caron,Olivier
Bernard,Marie
Leclerc,Jerome
Guerin,Anne
Leroux,Julien
Blanc,Melanie
Rousseau,Laurent
Fournier,Isabelle
Robert,Thomas
Leclerc,Emilie
Martin,Philippe
Girard,Nathalie
Andre,David
Moreau,Anne
Dupont,Mathieu
Roux,Celine
Guerin,Paul
Leclerc,Marie